"ID bài viết","ID Trang","Tên Trang","Tiêu đề","Thời lượng (giây)","Thời gian đăng","Liên kết vĩnh viễn","Loại bài viết","Bình luận về dữ liệu",Ngày,"Số Giây xem trung bình","Bình luận","Lượt phân phối","Thu nhập ước tính (USD)","Sao (USD)","Lượt hiển thị","Lượt tương tác","Số người theo dõi thực","Cảm xúc","Lượt lưu","Lượt chia sẻ","Số Giây xem","Người xem","Lượt xem"
122125143669206079,61586182371437,"Tiến sĩ Đặng Hữu Phúc - Khoa Học Phục Hồi","Ăn ít chưa chắc đã giảm mỡ, nếu bữa ăn mỗi ngày vẫn âm thầm làm rối loạn chuyển hóa.

#TienSiDangHuuPhuc #Chonglaohoa #Laohoa #Traodoichat #Suckhoechuyenhoa #Songkhoemoingay",175,"06/01/2026 06:00",https://www.facebook.com/reel/1308743091380510/,"Thước phim",,"Trọn đời",21.742,2,-5.1x,0,0,7240,90,0,66,20,8,155045.756,7114,7869
122125143081206079,61586182371437,"Tiến sĩ Đặng Hữu Phúc - Khoa Học Phục Hồi","Khi cơ thể bắt đầu tụt pin sau tuổi 35, NMN có thể là một hướng hỗ trợ bổ sung từ tầng năng lượng của tế bào.

#TienSiDangHuuPhuc #Chonglaohoa #Laohoa #Sinhhoattot #NMN",158,"05/31/2026 19:07",https://www.facebook.com/reel/1357419152941279/,"Thước phim",,"Trọn đời",26.936,5,-3x,0,0,7424,171,4,123,19,31,198572.822,7057,8459
122125706583206079,61586182371437,"Tiến sĩ Đặng Hữu Phúc - Khoa Học Phục Hồi","Một trong những trào lưu nóng nhất mạng xã hội về chống lão hoá, liệu có hiệu quả như lời đồn?

#ChongLaoHoa #ChongLaoHoaSom #ChongOxyHoa #LaoHoaDa #ChamSocDa #ChamSocDaTuoi20 #ChamSocDaTuoi30 #VienUongChongLaoHoa #VienUongLamDep #StressOxyHoa #GocTuDo #LamDepTuBenTrong #SkincareKhoaHoc #DuongDa #AntiAging #SkinCare #TienSiHuuPhuc #BiQuyetTreLau #DuongSinh #SongKhoeDep #NhinAnGianDoan #LaoHoa",158,"06/06/2026 04:55",https://www.facebook.com/reel/1331018592348612/,"Thước phim",,"Trọn đời",28.828,5,+2.3x,0,0,1839,61,1,31,11,10,51834.137,1828,2331
122125675239206079,61586182371437,"Tiến sĩ Đặng Hữu Phúc - Khoa Học Phục Hồi","Da bạn đang lão hoá nhanh hay chậm hơn tuổi thật?
Hãy cùng Tiến sĩ Hữu Phúc kiểm tra nhanh tuổi sinh học của làn da!

#ChongLaoHoa #ChongLaoHoaSom #ChongOxyHoa #LaoHoaDa #ChamSocDa #ChamSocDaTuoi20 #ChamSocDaTuoi30 #VienUongChongLaoHoa #VienUongLamDep #StressOxyHoa #GocTuDo #LamDepTuBenTrong #SkincareKhoaHoc #DuongDa #AntiAging #SkinCare #TienSiHuuPhuc #BiQuyetTreLau #DuongSinh #SongKhoeDep",147,"06/05/2026 19:19",https://www.facebook.com/reel/2497340547358610/,"Thước phim",,"Trọn đời",18.208,1,-3.5x,0,0,3581,56,0,39,10,5,64292.877,3590,3973
122125572801206079,61586182371437,"Tiến sĩ Đặng Hữu Phúc - Khoa Học Phục Hồi","Phục hồi da bị nám đúng cách: Đừng vội laser hay peel da khi chưa thử bộ ba này
Bạn đang gặp tình trạng da bị nám, bề mặt không đều màu và có những vết nám loang lổ? Trước khi quyết định đi laser, lăn kim hay peel da, có một phương pháp chuẩn y khoa khác bạn nên cân nhắc trước.
Theo phác đồ da liễu chuẩn, các bác sĩ luôn ưu tiên sản phẩm bôi thoa trước tiên để hạn chế rủi ro. Vì các thủ thuật can thiệp sâu, nếu không phù hợp với làn da của bạn, có thể để lại biến chứng khó hồi phục.
Trong video hôm nay, Tiến sĩ Đặng Hữu Phúc — Đại học Trung Y Dược Thượng Hải — sẽ hướng dẫn bạn cách giải quyết tình trạng nám với bộ ba tinh chất chuyên biệt
Khi kết hợp đúng cách, bộ ba này hỗ trợ làm sáng da, chống lão hóa và đều màu da cùng lúc, mà không cần can thiệp xâm lấn.
📌 Xem trọn video bên dưới để hiểu cơ chế hoạt động của từng thành phần và cách phối hợp đúng.
💬 Bình luận ""PHỤC HỒI DA NÁM"" + tình trạng da của bạn — Tiến sĩ Hữu Phúc sẽ gợi ý sản phẩm phù hợp nhất với làn da của bạn.
👉 Theo dõi trang để không bỏ lỡ những kiến thức chăm sóc da và chống lão hóa khoa học từ chuyên gia.
Chúc bạn sớm lấy lại được làn da sáng khỏe, đều màu và mãi trẻ.
#TriNam #NamDa #DaKhongDeuMau #ChamSocDa #LamSangDa #AHA #Arbutin #Retinol #BoBaTriNam #SkincareKhoaHoc #ChongLaoHoa #DuongTrangDa #ChamSocDaTai Nha #DaLieu #PhacDoTriNam #LamDepTuNhien #SkinCare #AntiAging #TienSiHuuPhuc #BiQuyetTreLau #LaoHoa",135,"06/05/2026 05:10",https://www.facebook.com/reel/959648866940440/,"Thước phim",,"Trọn đời",9.336,0,-9.3x,0,0,4993,43,0,26,13,4,46187.866,4982,5304
122125584537206079,61586182371437,"Tiến sĩ Đặng Hữu Phúc - Khoa Học Phục Hồi",,0,"06/04/2026 21:34",https://www.facebook.com/tiensidanghuuphuc/posts/pfbid0HrSpVLeQszBiTHqK6hdmMTY7xQJ5aU9MyyxB4jFFFxexm4MmDxTz6F81qjsLNtQXl,"Nội dung",,"Trọn đời",,0,--,0,0,257,4,0,4,0,1,,257,407
122125475457206079,61586182371437,"Tiến sĩ Đặng Hữu Phúc - Khoa Học Phục Hồi","Mụn ẩn, da dầu và lỗ chân lông to không chỉ đến từ việc làm sạch chưa đủ. Chăm da đúng là phải kiểm soát cả đường, dưỡng ẩm và chọn hoạt chất phù hợp.

#TienSiDangHuuPhuc #Chonglaohoa #Laohoa #MunAn #DaDau #LoChanLong #ChamSocDaKhoaHoc #DuongAmDungCach #Niacinamide #WinonaVietnam",156,"06/04/2026 06:00",https://www.facebook.com/reel/1978068036186074/,"Thước phim",,"Trọn đời",14.137,0,-5.2x,0,0,5935,77,4,50,15,12,82956.321,5822,6343
122125475013206079,61586182371437,"Tiến sĩ Đặng Hữu Phúc - Khoa Học Phục Hồi","Uống Vitamin C là tốt, nhưng với làn da, đôi khi chưa đủ. Hiểu đúng đường uống và đường bôi để chăm da sáng khỏe, khoa học hơn mỗi ngày.

#TienSiDangHuuPhuc #Chonglaohoa #Laohoa #VitaminC #ChamSocDa #DuongDaKhoaHoc #ChongOxyHoa #HoTroCollagen #DaSangKhoe  #WinonaVietnam",137,"06/03/2026 21:00",https://www.facebook.com/reel/2119505332256740/,"Thước phim",,"Trọn đời",16.579,0,-8.5x,0,0,5248,55,1,44,10,2,86015.932,5130,5665
122125373253206079,61586182371437,"Tiến sĩ Đặng Hữu Phúc - Khoa Học Phục Hồi","Chống lão hóa từ tuổi 20-30: Quá sớm hay đúng lúc?
""Da tôi vẫn còn đẹp, vẫn căng mịn, vậy có cần chống lão hóa sớm không?"" — Đây là câu hỏi mà Tiến sĩ Đặng Hữu Phúc nhận được rất nhiều.
Và sự thật khoa học có thể sẽ làm bạn bất ngờ: lão hóa da không bắt đầu khi bạn nhìn thấy nếp nhăn đầu tiên — nó bắt đầu từ tuổi 25, khi gốc tự do âm thầm phá hủy collagen mỗi ngày qua tia UV, ô nhiễm, ánh sáng xanh và stress. Đến khi dấu hiệu xuất hiện trên gương, tổn thương đã tích lũy hàng nhiều năm.
Vậy chống lão hóa thông minh là gì? Không phải đợi để sửa chữa, mà là chống oxy hóa từ sớm để giảm tổn thương ngay từ nguồn.
Trong video hôm nay, Tiến sĩ Đặng Hữu Phúc — Đại học Trung Y Dược Thượng Hải — sẽ chỉ cho bạn:
✦ Vì sao stress oxy hóa là nguyên nhân gốc rễ của lão hóa
✦ Ba nhóm chất chống oxy hóa cơ thể cần để bảo vệ làn da
✦ Tại sao bắt đầu từ tuổi 20-30 là khoản đầu tư khôn ngoan nhất cho làn da tuổi 40
📌 Xem trọn video bên dưới để hiểu rõ cơ chế và cách bắt đầu đúng.
💬 Bình luận ""CHỐNG LÃO HÓA"" kèm độ tuổi của bạn — Tiến sĩ Hữu Phúc sẽ gợi ý cách chống oxy hóa phù hợp với giai đoạn của bạn.
👉 Theo dõi trang để không bỏ lỡ những kiến thức chăm sóc da và chống lão hóa khoa học từ chuyên gia.
Chúc bạn và gia đình luôn khỏe mạnh và trẻ trung.
#ChongLaoHoa #ChongLaoHoaSom #ChongOxyHoa #LaoHoaDa #ChamSocDa #ChamSocDaTuoi20 #ChamSocDaTuoi30 #VienUongChongLaoHoa #VienUongLamDep #StressOxyHoa #GocTuDo #LamDepTuBenTrong #SkincareKhoaHoc #DuongDa #AntiAging #SkinCare #TienSiHuuPhuc #BiQuyetTreLau #DuongSinh #SongKhoeDep",143,"06/03/2026 04:59",https://www.facebook.com/reel/1660224038458587/,"Thước phim",,"Trọn đời",13.15,2,-9.2x,0,0,6192,65,3,46,12,5,80877.319,6144,6711
122125373853206079,61586182371437,"Tiến sĩ Đặng Hữu Phúc - Khoa Học Phục Hồi","Đi bơi mùa hè và những điều ít ai để ý về làn da, mái tóc
Sau mỗi lần đi bơi, bạn có thấy da căng khô và tóc xơ rối khó chải không? Đây là tình trạng quen thuộc với người yêu bộ môn này, nhưng ít ai biết phía sau nó là một quá trình tổn thương đang tích lũy lâu dài.
Để khử khuẩn, hầu hết bể bơi đều dùng clo. Đây là chất cần thiết cho an toàn vệ sinh, nhưng cũng chính nó cuốn trôi lớp dầu tự nhiên bảo vệ da và tóc của bạn. Cộng thêm tia UV ở hồ bơi ngoài trời, làn da vừa bị bào mòn từ bên trong, vừa bị tấn công từ bên ngoài, đẩy nhanh quá trình lão hóa.
Nhưng bạn không phải lo lắng. Chỉ cần biết cách bảo vệ đúng trước và sau khi bơi.
Trong video hôm nay, Tiến sĩ Đặng Hữu Phúc đến từ Đại học Trung Y Dược Thượng Hải — sẽ chia sẻ với bạn:
✦ Vì sao nước bể bơi ảnh hưởng đến da và tóc nhiều hơn bạn nghĩ
✦ Cách tắm tráng và bảo vệ tóc trước khi xuống bể
✦ Bước cấp ẩm sau khi bơi mà nhiều người bỏ sót
✦ Sản phẩm nên có trong túi đi bơi mùa hè này
📌 Xem trọn video bên dưới để biết cách bảo vệ da và tóc đúng cách trong mùa hè.
💬 Bình luận ""ĐI BƠI"" kèm tình trạng da hiện tại của bạn, Tiến sĩ Hữu Phúc sẽ gợi ý sản phẩm cấp ẩm phù hợp nhất.
👉 Theo dõi trang để không bỏ lỡ những kiến thức chăm sóc da và chống lão hóa từ chuyên gia.
Chúc bạn có một mùa hè khỏe mạnh và rạng rỡ.

#DiBoiMuaHe #ChamSocDaMuaHe #BaoVeDaKhiDiBoi #DaKhoSauKhiBoi #XitKhoang #CapAmChoDa #ChongLaoHoa #ChamSocDa #DuongDa #ChamSocDaNhayCam #LamDepMuaHe #SkincareMuaHe #ChamSocToc #BaoVeToc #SkincareKhoaHoc #TienSiHuuPhuc #BiQuyetTreLau #DuongSinh #SongKhoeDep",125,"06/02/2026 21:50",https://www.facebook.com/reel/1708548300149407/,"Thước phim",,"Trọn đời",9.446,2,-12.2x,0,0,5232,48,2,31,15,3,49195.806,5078,5554
122125248405206079,61586182371437,"Tiến sĩ Đặng Hữu Phúc - Khoa Học Phục Hồi","Hầu hết người mua viên uống chống lão hóa đều đang chọn nhầm loại?
NMN. Collagen. Glutathione. Viên chống oxy hóa từ thực vật. Bốn cái tên quen thuộc. Nhưng thực ra chúng đi vào bốn con đường hoàn toàn khác nhau trong cơ thể bạn.
Trong video hôm nay, Tiến sĩ Đặng Hữu Phúc — Đại học Trung Y Dược Thượng Hải — sẽ chỉ cho bạn nguyên tắc đơn giản để biết:
✦ Lão hóa của bạn đang ở tầng nào?
✦ Bạn cần đánh vào năng lượng tế bào, cấu trúc da, sắc tố hay chỉ là phòng ngừa từ sớm?
✦ Độ tuổi và tình trạng nào hợp với loại viên uống nào?
Đây là kiến thức mà bất kỳ ai đang quan tâm chống lão hóa đều nên xem một lần để không bao giờ chọn nhầm nữa.
📌 Xem trọn video bên dưới để nghe Tiến sĩ Hữu Phúc phân tích chi tiết.
💬 Bình luận ""TƯ VẤN"" kèm độ tuổi và tình trạng da/cơ thể của bạn — Tiến sĩ Hữu Phúc sẽ gợi ý loại viên uống phù hợp nhất với bạn.
👉 Theo dõi trang để không bỏ lỡ những kiến thức chống lão hóa từ chuyên gia.

#ChongLaoHoa #VienUongChongLaoHoa #NMN #Collagen #Glutathione #ChongOxyHoa #ChamSocSucKhoe #LamDepTuBenTrong #SkincareKhoaHoc #AntiAging #TienSiHuuPhuc #BiQuyetTreLau #PhuNuTrungNien",149,"06/02/2026 05:15",https://www.facebook.com/reel/4531112593819150/,"Thước phim",,"Trọn đời",13.899,8,-6.5x,0,0,5756,93,1,53,19,16,80118.748,5738,6281
122125248873206079,61586182371437,"Tiến sĩ Đặng Hữu Phúc - Khoa Học Phục Hồi","6 DẤU HIỆU KHÁNG INSULIN MÀ BẠN CẦN BIẾT!

#KhangInsulin #DauHieuKhangInsulin #SucKhoeChuyenHoa #DuongHuyet #TichMoBung #LaoHoa #ThemDoNgot #ChongLaoHoa #SongKhoe #LoiSongLanhManh #PhuNuTrungNien #TienSiHuuPhuc #KienThucSucKhoe #SucKhoeChuDong #MetabolicHealth",183,"06/01/2026 21:28",https://www.facebook.com/reel/1493418495859965/,"Thước phim",,"Trọn đời",20.589,0,-4.8x,0,0,5542,77,0,60,10,10,113137.372,5469,5988
